Team,Median of standard | Age,Mean of standard | Age,Std of standard | Age,Median of standard_Playing Time | MP,Mean of standard_Playing Time | MP,Std of standard_Playing Time | MP,Median of standard_Playing Time | Starts,Mean of standard_Playing Time | Starts,Std of standard_Playing Time | Starts,Median of standard_Playing Time | Min,Mean of standard_Playing Time | Min,Std of standard_Playing Time | Min,Median of standard_Performance | Gls,Mean of standard_Performance | Gls,Std of standard_Performance | Gls,Median of standard_Performance | Ast,Mean of standard_Performance | Ast,Std of standard_Performance | Ast,Median of standard_Performance | CrdY,Mean of standard_Performance | CrdY,Std of standard_Performance | CrdY,Median of standard_Performance | CrdR,Mean of standard_Performance | CrdR,Std of standard_Performance | CrdR,Median of standard_Expected | xG,Mean of standard_Expected | xG,Std of standard_Expected | xG,Median of standard_Expected | xAG,Mean of standard_Expected | xAG,Std of standard_Expected | xAG,Median of standard_Progression | PrgC,Mean of standard_Progression | PrgC,Std of standard_Progression | PrgC,Median of standard_Progression | PrgP,Mean of standard_Progression | PrgP,Std of standard_Progression | PrgP,Median of standard_Progression | PrgR,Mean of standard_Progression | PrgR,Std of standard_Progression | PrgR,Median of standard_Per 90 Minutes | Gls,Mean of standard_Per 90 Minutes | Gls,Std of standard_Per 90 Minutes | Gls,Median of standard_Per 90 Minutes | Ast,Mean of standard_Per 90 Minutes | Ast,Std of standard_Per 90 Minutes | Ast,Median of standard_Per 90 Minutes | xG,Mean of standard_Per 90 Minutes | xG,Std of standard_Per 90 Minutes | xG,Median of standard_Per 90 Minutes | xAG,Mean of standard_Per 90 Minutes | xAG,Std of standard_Per 90 Minutes | xAG,Median of keepers_Performance | GA90,Mean of keepers_Performance | GA90,Std of keepers_Performance | GA90,Median of keepers_Performance | Save%,Mean of keepers_Performance | Save%,Std of keepers_Performance | Save%,Median of keepers_Performance | CS%,Mean of keepers_Performance | CS%,Std of keepers_Performance | CS%,Median of keepers_Penalty Kicks | Save%,Mean of keepers_Penalty Kicks | Save%,Std of keepers_Penalty Kicks | Save%,Median of shooting_Standard | SoT%,Mean of shooting_Standard | SoT%,Std of shooting_Standard | SoT%,Median of shooting_Standard | SoT/90,Mean of shooting_Standard | SoT/90,Std of shooting_Standard | SoT/90,Median of shooting_Standard | G/Sh,Mean of shooting_Standard | G/Sh,Std of shooting_Standard | G/Sh,Median of shooting_Standard | Dist,Mean of shooting_Standard | Dist,Std of shooting_Standard | Dist,Median of passing_Total | Cmp,Mean of passing_Total | Cmp,Std of passing_Total | Cmp,Median of passing_Total | Cmp%,Mean of passing_Total | Cmp%,Std of passing_Total | Cmp%,Median of passing_Total | TotDist,Mean of passing_Total | TotDist,Std of passing_Total | TotDist,Median of passing_Short | Cmp%,Mean of passing_Short | Cmp%,Std of passing_Short | Cmp%,Median of passing_Medium | Cmp%,Mean of passing_Medium | Cmp%,Std of passing_Medium | Cmp%,Median of passing_Long | Cmp%,Mean of passing_Long | Cmp%,Std of passing_Long | Cmp%,Median of passing | KP,Mean of passing | KP,Std of passing | KP,Median of passing | 1/3,Mean of passing | 1/3,Std of passing | 1/3,Median of passing | PPA,Mean of passing | PPA,Std of passing | PPA,Median of passing | CrsPA,Mean of passing | CrsPA,Std of passing | CrsPA,Median of passing | PrgP,Mean of passing | PrgP,Std of passing | PrgP,Median of gca_SCA | SCA,Mean of gca_SCA | SCA,Std of gca_SCA | SCA,Median of gca_SCA | SCA90,Mean of gca_SCA | SCA90,Std of gca_SCA | SCA90,Median of gca_GCA | GCA,Mean of gca_GCA | GCA,Std of gca_GCA | GCA,Median of gca_GCA | GCA90,Mean of gca_GCA | GCA90,Std of gca_GCA | GCA90,Median of defense_Tackles | Tkl,Mean of defense_Tackles | Tkl,Std of defense_Tackles | Tkl,Median of defense_Tackles | TklW,Mean of defense_Tackles | TklW,Std of defense_Tackles | TklW,Median of defense_Challenges | Att,Mean of defense_Challenges | Att,Std of defense_Challenges | Att,Median of defense_Challenges | Lost,Mean of defense_Challenges | Lost,Std of defense_Challenges | Lost,Median of defense_Blocks | Blocks,Mean of defense_Blocks | Blocks,Std of defense_Blocks | Blocks,Median of defense_Blocks | Sh,Mean of defense_Blocks | Sh,Std of defense_Blocks | Sh,Median of defense_Blocks | Pass,Mean of defense_Blocks | Pass,Std of defense_Blocks | Pass,Median of defense | Int,Mean of defense | Int,Std of defense | Int,Median of possession_Touches | Touches,Mean of possession_Touches | Touches,Std of possession_Touches | Touches,Median of possession_Touches | Def Pen,Mean of possession_Touches | Def Pen,Std of possession_Touches | Def Pen,Median of possession_Touches | Def 3rd,Mean of possession_Touches | Def 3rd,Std of possession_Touches | Def 3rd,Median of possession_Touches | Mid 3rd,Mean of possession_Touches | Mid 3rd,Std of possession_Touches | Mid 3rd,Median of possession_Touches | Att 3rd,Mean of possession_Touches | Att 3rd,Std of possession_Touches | Att 3rd,Median of possession_Touches | Att Pen,Mean of possession_Touches | Att Pen,Std of possession_Touches | Att Pen,Median of possession_Take-Ons | Att,Mean of possession_Take-Ons | Att,Std of possession_Take-Ons | Att,Median of possession_Take-Ons | Succ%,Mean of possession_Take-Ons | Succ%,Std of possession_Take-Ons | Succ%,Median of possession_Take-Ons | Tkld%,Mean of possession_Take-Ons | Tkld%,Std of possession_Take-Ons | Tkld%,Median of possession_Carries | Carries,Mean of possession_Carries | Carries,Std of possession_Carries | Carries,Median of possession_Carries | PrgDist,Mean of possession_Carries | PrgDist,Std of possession_Carries | PrgDist,Median of possession_Carries | PrgC,Mean of possession_Carries | PrgC,Std of possession_Carries | PrgC,Median of possession_Carries | 1/3,Mean of possession_Carries | 1/3,Std of possession_Carries | 1/3,Median of possession_Carries | CPA,Mean of possession_Carries | CPA,Std of possession_Carries | CPA,Median of possession_Carries | Mis,Mean of possession_Carries | Mis,Std of possession_Carries | Mis,Median of possession_Carries | Dis,Mean of possession_Carries | Dis,Std of possession_Carries | Dis,Median of possession_Receiving | Rec,Mean of possession_Receiving | Rec,Std of possession_Receiving | Rec,Median of possession_Receiving | PrgR,Mean of possession_Receiving | PrgR,Std of possession_Receiving | PrgR,Median of misc_Performance | Fls,Mean of misc_Performance | Fls,Std of misc_Performance | Fls,Median of misc_Performance | Fld,Mean of misc_Performance | Fld,Std of misc_Performance | Fld,Median of misc_Performance | Off,Mean of misc_Performance | Off,Std of misc_Performance | Off,Median of misc_Performance | Crs,Mean of misc_Performance | Crs,Std of misc_Performance | Crs,Median of misc_Performance | Recov,Mean of misc_Performance | Recov,Std of misc_Performance | Recov,Median of misc_Aerial Duels | Won,Mean of misc_Aerial Duels | Won,Std of misc_Aerial Duels | Won,Median of misc_Aerial Duels | Lost,Mean of misc_Aerial Duels | Lost,Std of misc_Aerial Duels | Lost,Median of misc_Aerial Duels | Won%,Mean of misc_Aerial Duels | Won%,Std of misc_Aerial Duels | Won%
all,26.0,26.42,4.24,22.0,20.85,9.63,14.5,15.35,10.65,1347.5,1375.35,899.91,1.0,2.01,3.51,1.0,1.5,2.22,2.0,2.94,2.58,0.0,0.09,0.31,0.8,2.02,3.08,0.8,1.5,1.86,14.5,26.06,30.43,38.5,51.49,49.62,24.0,50.95,63.7,0.03,0.12,0.19,0.04,0.09,0.13,0.07,0.13,0.16,0.07,0.1,0.1,0.0,0.13,0.49,0.0,5.46,18.52,0.0,1.94,9.14,0.0,1.0,7.99,28.6,27.1,20.48,0.23,0.39,0.45,0.05,0.07,0.1,15.8,15.43,6.57,451.0,552.13,453.41,80.05,79.27,8.26,7324.0,9476.23,8174.97,89.8,88.69,6.83,85.7,83.92,10.26,54.05,54.39,15.73,8.5,13.67,15.3,29.0,43.1,44.25,6.0,11.62,14.32,1.0,2.75,4.28,38.5,51.49,49.62,21.0,31.95,32.07,1.83,2.08,1.42,2.0,3.5,4.21,0.16,0.22,0.23,17.0,24.66,22.41,10.0,14.72,13.77,17.0,22.46,20.14,8.0,11.03,10.26,12.0,15.24,13.6,3.0,5.16,7.24,8.0,10.07,9.28,7.0,11.16,11.65,741.5,834.69,613.41,31.5,94.44,174.3,158.5,275.99,302.74,277.0,354.68,311.7,141.0,212.23,208.81,20.0,34.54,40.9,13.5,25.37,31.0,45.9,46.59,21.7,42.44,42.44,20.77,399.0,467.97,354.28,1040.5,1300.36,1082.65,14.5,26.06,30.43,13.0,17.57,18.2,2.0,8.1,14.14,13.0,18.9,19.14,7.5,13.17,14.69,482.0,546.04,415.02,24.0,50.95,63.7,12.0,15.42,13.67,10.0,14.91,14.47,1.0,2.4,3.95,9.0,24.42,35.71,45.5,58.02,45.98,10.0,18.0,20.95,13.0,18.0,18.21,50.0,48.98,21.54
Arsenal,26.5,25.95,3.82,22.5,22.59,7.93,16.0,17.0,10.16,1427.5,1519.45,881.68,2.0,2.77,2.81,1.5,2.27,2.68,2.5,2.91,1.97,0.0,0.23,0.53,1.65,2.5,2.59,0.9,1.89,2.13,23.0,34.32,31.38,55.5,75.18,60.82,51.0,74.18,75.04,0.1,0.16,0.17,0.11,0.14,0.15,0.1,0.15,0.14,0.1,0.12,0.12,0.0,0.04,0.18,0.0,3.43,16.1,0.0,1.6,7.53,0.0,0.0,0.0,31.05,26.62,17.34,0.23,0.41,0.41,0.13,0.13,0.13,14.65,14.0,5.79,459.5,700.41,551.78,82.8,82.35,6.3,7044.5,11484.32,9779.36,91.95,90.87,4.76,86.0,84.87,8.05,53.15,55.55,9.68,10.0,17.14,17.31,39.5,56.95,52.28,9.0,17.86,17.82,1.5,3.0,3.63,55.5,75.18,60.82,24.0,38.82,33.09,2.25,2.46,1.43,3.0,4.91,5.49,0.25,0.3,0.31,19.0,24.09,20.33,12.0,14.27,12.33,20.0,20.77,14.17,10.5,10.32,7.17,10.0,13.18,10.84,1.5,4.32,6.79,7.5,8.86,7.27,6.0,9.27,8.65,738.5,983.77,662.53,24.0,73.59,163.87,120.5,246.18,327.21,291.0,427.95,385.05,223.5,316.91,232.45,37.0,52.5,48.6,22.5,29.73,28.69,43.45,48.88,22.22,35.05,36.92,17.63,406.5,578.18,402.19,1282.5,1631.95,1113.23,23.0,34.32,31.38,19.0,21.36,17.96,4.5,11.77,14.58,15.0,19.32,15.29,13.5,15.68,13.36,528.5,693.68,483.47,51.0,74.18,75.04,14.0,16.64,11.06,17.0,16.32,11.71,1.5,3.41,3.72,11.0,31.82,42.05,48.0,58.05,40.03,10.5,19.5,19.82,15.5,18.95,17.76,51.15,48.0,19.48
Aston Villa,27.0,26.67,4.12,20.0,19.19,10.0,11.0,13.7,11.39,1051.0,1228.0,918.18,1.0,1.85,3.35,0.0,1.44,2.41,2.0,2.52,2.24,0.0,0.07,0.27,0.8,1.87,2.98,0.4,1.37,1.98,16.0,23.11,23.18,34.0,43.85,46.85,17.0,42.33,51.73,0.03,0.17,0.29,0.0,0.07,0.1,0.08,0.18,0.24,0.06,0.08,0.08,0.0,0.13,0.46,0.0,4.5,16.28,0.0,4.27,19.35,0.0,1.85,9.62,25.0,27.2,22.66,0.19,0.45,0.68,0.04,0.07,0.08,16.1,15.52,6.21,470.0,489.96,414.94,82.4,81.59,7.02,6225.0,8386.63,7735.31,91.6,90.14,5.63,86.5,86.84,7.45,53.5,54.8,15.16,5.0,11.7,14.82,23.0,38.0,45.65,7.0,10.3,12.61,0.0,1.81,3.74,34.0,43.85,46.85,18.0,27.96,29.5,1.67,1.99,1.27,2.0,3.37,3.82,0.17,0.22,0.21,11.0,21.37,20.35,6.0,12.3,12.43,11.0,18.11,18.64,5.0,7.93,8.13,10.0,10.96,8.9,3.0,3.63,4.15,6.0,7.33,6.26,5.0,8.22,8.33,674.0,718.63,558.3,32.0,87.63,189.53,134.0,244.44,293.08,252.0,307.96,292.37,112.0,173.26,168.95,18.0,31.0,37.91,17.0,23.48,29.22,47.4,50.89,25.02,41.2,38.17,22.65,404.0,406.41,309.26,1082.0,1175.0,920.33,16.0,23.11,23.18,13.0,14.7,13.03,2.0,6.7,10.49,9.0,16.7,21.62,8.0,12.74,15.15,481.0,479.74,376.16,17.0,42.33,51.73,9.0,13.78,13.45,9.0,16.3,17.19,1.0,1.81,2.77,4.0,19.19,34.31,39.0,46.37,35.55,8.0,12.44,11.73,10.0,13.67,13.81,48.98,41.73,23.29
Bournemouth,25.0,25.91,3.82,25.0,21.61,9.84,17.0,16.22,11.33,1580.0,1451.74,975.76,1.0,2.26,3.49,1.0,1.65,1.99,3.0,3.78,3.15,0.0,0.09,0.29,1.1,2.64,3.5,1.1,1.77,1.83,19.0,29.26,34.02,41.0,57.43,51.58,31.0,56.61,70.38,0.03,0.13,0.18,0.05,0.1,0.12,0.08,0.18,0.2,0.1,0.13,0.15,0.0,0.14,0.38,0.0,10.43,27.58,0.0,2.0,6.67,0.0,0.0,0.0,28.6,22.9,17.4,0.15,0.54,0.65,0.06,0.05,0.05,15.43,14.44,6.1,436.0,488.91,394.52,74.2,73.82,6.58,7088.0,8854.96,7609.61,88.0,86.8,7.18,78.2,81.37,10.78,46.9,46.67,17.73,11.0,17.43,16.26,37.0,47.35,47.01,7.0,12.96,13.66,2.0,3.91,5.26,41.0,57.43,51.58,28.0,40.13,35.79,2.35,2.6,1.87,2.0,3.87,4.03,0.22,0.23,0.21,21.0,27.48,23.13,10.0,15.91,14.41,25.0,24.87,21.02,13.0,13.13,10.49,15.0,18.48,16.53,3.0,5.57,7.08,8.0,12.91,12.58,10.0,14.0,15.3,783.0,829.09,608.27,44.0,87.48,146.08,159.0,249.65,270.36,298.0,354.17,312.72,127.0,235.52,234.76,19.0,39.13,47.78,16.0,26.43,31.65,45.5,43.48,17.95,42.44,43.0,17.83,479.0,445.13,332.01,1080.0,1396.87,1258.75,19.0,29.26,34.02,15.0,20.35,19.82,1.0,9.0,15.89,17.0,22.96,21.07,8.0,13.83,17.0,413.0,484.0,357.84,31.0,56.61,70.38,15.0,19.83,17.74,10.0,15.3,13.57,0.0,2.74,5.07,10.0,32.3,40.42,56.0,71.43,56.26,20.0,22.78,20.83,22.0,24.22,20.54,46.2,50.14,17.71
Brentford,24.0,25.62,3.89,26.0,22.24,10.84,21.0,17.29,12.63,1913.0,1547.67,1066.35,0.0,2.67,5.11,1.0,1.76,2.45,2.0,2.29,1.59,0.0,0.05,0.22,0.8,2.42,3.83,1.2,1.74,2.2,12.0,24.52,31.19,51.0,55.9,52.12,27.0,55.29,73.31,0.0,0.11,0.19,0.06,0.08,0.1,0.06,0.12,0.16,0.08,0.09,0.08,0.0,0.13,0.42,0.0,5.87,18.91,0.0,5.5,21.92,0.0,0.0,0.0,28.6,28.97,17.71,0.17,0.31,0.37,0.06,0.07,0.08,14.9,14.3,6.13,471.0,553.86,426.45,77.2,76.54,7.97,7521.0,10141.9,8967.73,87.1,86.5,7.89,79.9,81.97,10.02,55.1,55.42,13.44,8.0,13.62,16.74,41.0,45.76,38.3,7.0,13.52,17.89,2.0,3.71,5.04,51.0,55.9,52.12,21.0,32.29,34.53,1.72,1.88,1.18,2.0,4.62,5.7,0.2,0.27,0.25,24.0,25.95,21.29,16.0,15.57,12.48,24.0,24.29,19.59,10.0,11.29,9.93,17.0,19.95,18.33,4.0,8.19,12.13,12.0,11.76,9.75,8.0,12.24,11.91,762.0,889.05,639.21,47.0,138.52,274.65,216.0,348.86,401.44,325.0,329.71,263.55,158.0,218.67,222.93,24.0,40.81,44.3,12.0,25.71,32.42,46.59,47.62,18.32,42.44,43.22,15.34,382.0,470.71,345.34,1164.0,1298.62,1089.3,12.0,24.52,31.19,9.0,15.19,18.25,1.0,8.67,16.67,14.0,21.29,23.82,8.0,12.05,13.0,475.0,545.62,392.17,27.0,55.29,73.31,11.0,12.43,10.11,10.0,14.19,13.56,1.0,2.95,4.48,13.0,27.9,42.82,50.0,67.33,53.94,12.0,26.0,29.82,14.0,23.1,23.08,55.1,54.04,19.43
Brighton,24.0,25.92,5.18,21.5,19.46,9.96,12.5,14.23,9.7,1200.5,1269.88,857.83,1.0,2.04,3.04,1.0,1.38,1.6,2.5,2.81,2.53,0.0,0.12,0.33,0.75,1.97,2.73,1.15,1.37,1.42,18.0,27.35,30.5,40.0,52.12,49.7,29.5,51.38,63.59,0.04,0.12,0.14,0.04,0.1,0.13,0.08,0.12,0.12,0.09,0.1,0.08,0.0,0.08,0.34,0.0,5.32,18.86,0.0,2.65,10.34,0.0,0.0,0.0,28.0,27.29,22.71,0.27,0.33,0.31,0.05,0.08,0.09,15.75,16.0,6.06,390.5,539.5,477.78,81.85,80.17,8.05,5865.5,9199.38,9134.46,91.1,89.97,6.14,82.8,82.01,10.8,53.9,56.68,13.74,12.5,12.31,10.13,28.0,40.31,48.64,8.5,11.46,10.47,1.5,3.0,3.86,40.0,52.12,49.7,25.5,31.27,23.53,2.81,2.5,1.24,3.0,3.73,2.86,0.3,0.32,0.27,17.0,23.65,19.09,11.0,14.38,11.65,18.5,23.92,18.39,10.0,12.31,9.09,12.0,14.88,12.07,2.0,4.15,5.45,10.0,10.73,9.85,9.5,10.77,9.5,638.0,804.5,607.95,26.0,89.08,196.73,133.5,258.88,324.43,256.0,349.38,322.49,153.5,205.19,180.15,17.5,35.5,43.08,12.0,27.35,32.49,40.75,44.37,22.0,46.35,47.16,21.07,376.5,473.54,381.48,1113.0,1426.23,1429.07,18.0,27.35,30.5,17.0,19.31,18.75,2.5,8.69,15.27,11.5,19.31,19.31,7.0,11.42,12.45,411.5,531.35,419.29,29.5,51.38,63.59,11.0,14.92,12.31,9.0,14.08,14.79,1.0,1.54,1.82,10.0,23.12,27.92,47.0,55.15,43.76,14.0,17.62,18.13,13.0,15.62,14.77,51.9,50.7,19.86
Chelsea,24.0,23.54,2.41,23.5,20.04,10.84,13.5,15.04,11.61,1200.5,1352.79,1011.0,1.0,2.33,3.58,1.0,1.79,2.26,3.0,3.83,3.29,0.0,0.04,0.2,0.85,2.61,4.09,1.05,1.98,2.38,15.0,32.21,39.69,34.5,59.17,63.63,15.0,60.29,75.9,0.05,0.15,0.21,0.07,0.14,0.19,0.08,0.16,0.18,0.1,0.16,0.17,0.0,0.11,0.37,0.0,6.17,20.92,0.0,1.89,6.63,0.0,0.83,4.08,28.75,26.26,22.25,0.32,0.47,0.51,0.07,0.07,0.08,15.15,14.16,6.15,512.0,656.21,594.5,84.2,83.54,6.38,7569.5,11366.04,10673.64,91.55,90.78,5.8,90.1,88.03,7.4,58.05,56.7,18.46,8.5,17.42,21.43,27.0,54.79,59.3,6.0,13.5,17.33,0.0,2.92,5.52,34.5,59.17,63.63,16.5,40.38,46.66,2.32,2.44,1.68,2.5,4.12,4.63,0.21,0.26,0.25,12.5,21.08,23.89,9.0,13.21,14.79,12.0,19.54,22.61,6.5,9.88,11.85,9.0,12.67,13.29,1.5,3.75,5.68,6.5,8.92,9.73,7.5,9.79,11.35,798.0,915.25,770.53,19.5,85.79,180.89,123.5,269.38,336.86,254.5,410.71,419.55,126.5,242.79,259.21,12.5,42.25,51.04,14.0,29.21,33.62,45.65,44.64,16.51,41.22,42.14,20.01,479.0,532.79,425.88,1453.5,1522.12,1174.92,15.0,32.21,39.69,11.5,18.21,19.17,1.5,11.83,20.84,9.5,17.12,19.43,6.5,11.29,12.01,568.0,652.88,544.68,15.0,60.29,75.9,10.0,16.0,16.15,11.0,16.54,16.82,1.0,2.29,3.98,3.5,25.29,41.29,42.5,56.83,50.54,9.0,14.0,16.91,8.5,14.33,14.99,41.05,44.97,25.87
Crystal Palace,27.0,26.67,3.26,29.0,23.38,10.21,18.0,17.71,12.47,1562.0,1585.9,1047.05,0.0,1.86,3.37,1.0,1.52,2.09,2.0,3.48,3.25,0.0,0.19,0.4,1.0,2.44,3.34,1.2,1.88,2.11,11.0,21.1,21.89,46.0,48.67,38.25,10.0,48.19,62.81,0.0,0.09,0.13,0.03,0.06,0.08,0.08,0.14,0.14,0.11,0.1,0.07,0.0,0.07,0.3,0.0,3.19,14.6,0.0,1.4,6.42,0.0,2.38,10.91,33.3,30.12,18.02,0.34,0.5,0.47,0.0,0.06,0.09,17.7,18.14,5.67,511.0,504.38,382.23,75.6,74.23,6.96,8122.0,9060.9,7422.37,85.3,84.42,6.45,82.0,79.97,10.58,46.7,49.84,18.5,9.0,15.62,15.76,27.0,37.81,31.63,4.0,11.43,12.01,1.0,2.81,4.07,46.0,48.67,38.25,26.0,36.29,33.82,2.06,2.2,1.5,3.0,3.52,3.31,0.16,0.18,0.17,21.0,32.62,29.19,14.0,19.14,18.12,23.0,27.95,21.55,15.0,14.05,9.84,19.0,20.48,17.7,3.0,5.9,6.77,13.0,14.57,12.77,11.0,13.67,14.07,827.0,860.86,604.16,27.0,107.71,212.6,172.0,322.71,357.73,367.0,358.14,264.31,137.0,188.24,178.24,15.0,32.57,34.79,12.0,20.33,28.56,41.9,41.73,23.3,45.6,47.96,25.85,413.0,431.52,304.65,949.0,1055.0,767.83,11.0,21.1,21.89,10.0,15.0,13.66,1.0,5.19,7.51,14.0,21.0,20.38,13.0,14.38,14.11,510.0,499.67,342.67,10.0,48.19,62.81,12.0,17.62,15.85,18.0,17.24,14.97,1.0,3.14,4.91,11.0,25.43,31.19,60.0,70.86,52.54,17.0,21.67,21.55,19.0,27.14,24.63,43.4,41.18,18.61
Everton,27.0,27.76,5.02,25.0,22.24,9.07,15.0,17.57,10.4,1301.0,1569.29,884.27,1.0,1.43,2.01,1.0,0.9,1.14,3.0,3.24,2.28,0.0,0.1,0.3,1.1,1.69,2.0,0.8,1.28,1.14,12.0,20.0,20.44,38.0,42.0,35.02,24.0,41.95,40.29,0.03,0.09,0.12,0.03,0.05,0.08,0.05,0.11,0.12,0.06,0.08,0.07,0.0,0.06,0.26,0.0,3.4,15.6,0.0,1.4,6.42,0.0,4.76,21.82,35.7,31.1,24.28,0.21,0.34,0.36,0.04,0.08,0.11,16.8,16.3,6.45,434.0,467.76,331.11,73.0,74.16,8.04,7325.0,8864.71,7685.79,86.2,85.39,7.78,82.3,79.51,12.5,55.0,57.16,15.56,8.0,12.19,10.18,35.0,41.48,34.26,8.0,10.33,10.36,1.0,3.71,5.45,38.0,42.0,35.02,25.0,28.95,19.88,1.72,1.77,1.0,2.0,2.38,2.11,0.1,0.15,0.15,27.0,30.95,28.47,14.0,18.19,17.18,22.0,27.48,22.23,8.0,13.29,11.24,14.0,16.48,14.33,3.0,6.0,9.48,8.0,10.48,8.5,10.0,14.05,12.8,734.0,804.86,500.35,31.0,103.76,218.37,187.0,294.14,357.39,304.0,323.38,228.44,185.0,195.86,142.47,19.0,29.86,25.71,20.0,27.05,30.06,46.59,47.2,19.32,45.0,45.15,19.97,336.0,388.38,239.87,780.0,1036.57,805.47,12.0,20.0,20.44,10.0,14.57,11.5,2.0,5.14,7.07,13.0,21.38,19.82,12.0,16.19,13.98,406.0,462.14,268.61,24.0,41.95,40.29,15.0,18.19,13.82,14.0,15.43,12.55,1.0,3.62,6.44,7.0,28.24,36.22,60.0,63.76,47.01,10.0,25.43,29.31,15.0,23.43,23.03,50.0,47.68,18.55
Fulham,28.0,28.45,3.49,27.0,24.35,9.21,17.0,17.15,11.28,1596.5,1540.1,940.62,0.5,2.4,3.38,1.0,2.05,2.65,2.0,3.2,3.05,0.0,0.05,0.22,1.0,2.18,2.78,0.95,1.68,1.88,22.0,32.5,36.75,51.0,63.35,49.78,38.0,65.8,72.56,0.01,0.18,0.26,0.09,0.11,0.13,0.1,0.15,0.16,0.09,0.1,0.08,0.0,0.07,0.3,0.0,3.42,15.27,0.0,0.74,3.29,0.0,0.0,0.0,30.0,27.05,19.51,0.27,0.53,0.62,0.03,0.07,0.1,15.35,15.69,5.75,643.0,644.0,476.56,81.2,79.88,8.13,10959.5,11209.0,8793.68,89.7,88.18,6.84,83.1,83.98,9.32,56.1,58.53,13.23,9.5,16.8,17.08,44.5,51.45,40.13,7.0,13.7,19.19,1.5,4.35,7.04,51.0,63.35,49.78,29.0,38.45,32.56,2.22,2.44,1.6,3.0,4.4,4.39,0.19,0.25,0.21,24.0,28.3,22.49,12.0,17.15,14.64,18.0,23.6,20.72,8.0,11.6,11.28,14.0,14.45,10.85,2.0,3.7,4.19,9.5,10.75,8.37,8.5,11.9,13.51,950.0,954.85,646.34,26.5,102.15,237.02,154.5,305.4,363.95,379.0,392.3,303.98,224.5,267.75,230.36,32.0,39.1,38.63,18.5,26.65,26.99,44.4,42.99,18.38,41.7,39.26,12.26,526.5,563.9,400.63,1213.0,1528.9,1288.52,22.0,32.5,36.75,17.5,23.05,24.01,4.5,9.0,11.26,15.5,21.6,18.24,7.5,11.95,11.9,632.5,636.7,428.5,38.0,65.8,72.56,16.0,17.85,13.77,15.0,14.85,11.21,1.0,1.9,3.32,15.0,38.85,52.49,58.0,65.85,44.65,15.0,20.9,20.99,19.0,22.0,20.53,47.75,47.19,19.4
Ipswich Town,26.0,26.62,3.09,18.0,17.93,8.77,11.0,12.72,9.55,979.0,1135.83,786.02,0.0,1.03,2.32,0.0,0.83,1.07,2.0,2.9,2.53,0.0,0.17,0.38,0.5,1.0,1.74,0.5,0.72,0.97,9.0,14.69,18.13,22.0,27.72,25.53,14.0,26.41,35.5,0.0,0.07,0.12,0.0,0.07,0.11,0.04,0.08,0.1,0.03,0.06,0.06,0.0,0.24,0.73,0.0,6.47,19.46,0.0,0.77,3.24,0.0,0.0,0.0,22.2,24.96,23.46,0.07,0.27,0.36,0.06,0.06,0.06,15.43,14.76,6.98,208.0,344.62,304.63,76.0,75.04,8.38,4206.0,6147.69,5494.31,87.0,87.18,7.5,84.6,81.72,11.24,50.0,48.52,13.36,4.0,8.1,11.15,17.0,26.0,28.07,4.0,4.86,6.01,0.0,1.41,2.77,22.0,27.72,25.53,13.0,18.93,20.86,1.33,1.52,1.26,1.0,1.79,2.02,0.1,0.14,0.16,12.0,18.03,16.33,8.0,10.17,9.18,11.0,18.48,16.76,6.0,9.72,9.51,8.0,13.41,14.21,2.0,5.9,9.77,6.0,7.52,7.63,6.0,9.52,9.57,433.0,575.41,459.96,28.0,93.76,132.44,123.0,237.07,248.44,153.0,227.21,210.55,103.0,117.55,122.46,11.0,17.21,21.31,7.0,18.38,26.56,46.59,45.53,9.67,42.7,44.01,7.55,216.0,284.07,220.86,585.0,769.45,605.47,9.0,14.69,18.13,7.0,10.0,11.0,1.0,4.28,7.55,11.0,16.48,20.61,4.0,10.34,14.03,274.0,339.97,277.97,14.0,26.41,35.5,9.0,13.07,14.65,8.0,11.93,11.66,0.0,1.52,2.82,6.0,14.79,29.08,37.0,43.72,35.76,7.0,16.59,21.86,14.0,16.66,17.88,51.4,52.15,26.69
Leicester City,26.0,26.44,4.41,20.0,19.48,9.68,14.0,14.36,10.01,1354.0,1289.68,827.84,0.0,0.92,1.73,0.0,0.84,1.14,2.0,3.0,2.6,0.0,0.0,0.0,0.3,1.06,2.1,0.4,0.87,1.08,14.0,19.48,22.21,28.0,38.16,35.29,18.0,35.96,40.3,0.0,0.05,0.08,0.0,0.06,0.09,0.04,0.06,0.08,0.02,0.07,0.08,0.0,0.33,0.96,0.0,6.52,18.41,0.0,0.15,0.74,0.0,1.0,5.0,27.1,30.04,24.13,0.21,0.26,0.27,0.0,0.05,0.07,16.1,15.66,8.04,430.0,489.84,367.69,77.6,78.16,8.48,6191.0,8231.76,6357.44,89.6,88.74,7.08,83.7,84.66,9.09,52.9,56.15,17.76,6.0,8.44,8.96,25.0,34.68,31.91,5.0,7.44,8.5,1.0,2.24,3.95,28.0,38.16,35.29,14.0,19.44,18.42,1.39,1.3,0.99,1.0,1.84,2.39,0.03,0.12,0.15,21.0,25.44,22.39,11.0,14.92,13.43,18.0,24.48,21.91,10.0,12.68,12.06,15.0,17.36,13.96,4.0,6.88,8.17,8.0,10.48,8.47,9.0,11.28,11.84,804.0,757.56,522.27,38.0,102.36,168.99,163.0,283.36,282.13,316.0,343.68,276.99,92.0,137.24,132.58,15.0,20.68,23.77,11.0,21.12,26.25,42.9,44.11,27.6,47.1,47.77,24.96,465.0,429.16,286.36,1055.0,1057.32,748.18,14.0,19.48,22.21,7.0,12.16,11.8,2.0,4.64,6.24,11.0,15.64,14.28,7.0,10.48,12.37,483.0,480.56,327.27,18.0,35.96,40.3,12.0,13.44,10.48,9.0,11.72,9.45,1.0,2.12,4.95,8.0,20.8,27.22,38.0,50.36,37.37,10.0,16.96,16.59,15.0,18.2,16.36,50.0,49.88,19.2
Liverpool,26.0,26.62,3.68,28.0,24.48,8.9,19.0,17.81,11.99,1627.0,1596.38,981.76,1.0,3.76,6.5,2.0,2.81,3.97,3.0,2.95,2.29,0.0,0.1,0.3,1.7,3.63,5.49,1.2,2.63,3.12,23.0,35.19,36.4,67.0,81.38,67.27,54.0,80.62,107.99,0.04,0.17,0.24,0.14,0.15,0.15,0.07,0.19,0.21,0.11,0.14,0.12,0.0,0.1,0.31,0.0,6.64,20.98,0.0,3.69,11.66,0.0,4.76,21.82,29.2,28.49,16.76,0.35,0.51,0.45,0.07,0.07,0.07,14.5,14.0,5.93,630.0,778.1,629.73,83.7,82.85,7.47,11124.0,13238.14,11217.99,91.8,91.2,5.88,88.3,86.71,9.67,60.8,60.32,15.2,11.0,22.0,22.65,39.0,67.71,70.61,8.0,18.62,22.6,1.0,3.62,5.88,67.0,81.38,67.27,35.0,49.81,45.48,2.71,2.63,1.55,4.0,6.48,6.57,0.34,0.35,0.26,26.0,28.05,24.08,15.0,17.29,14.77,19.0,28.29,27.88,9.0,13.33,13.79,9.0,15.43,14.71,2.0,3.95,4.57,8.0,11.48,12.75,7.0,12.9,15.75,801.0,1102.05,814.89,27.0,97.71,150.73,160.0,301.38,321.09,280.0,497.52,465.12,195.0,312.81,282.09,42.0,55.81,72.3,16.0,28.24,35.28,48.0,54.51,20.42,42.44,38.19,19.21,510.0,632.71,454.48,1383.0,1718.48,1233.32,23.0,35.19,36.4,17.0,23.76,21.27,5.0,13.71,25.81,19.0,22.57,24.78,11.0,14.48,15.83,570.0,769.67,567.96,54.0,80.62,107.99,15.0,18.52,16.46,12.0,15.19,13.2,1.0,2.62,4.4,6.0,31.05,44.27,62.0,68.86,49.32,9.0,17.9,25.98,12.0,15.95,13.0,42.9,50.48,21.81
Manchester City,26.0,26.4,4.77,22.0,19.24,8.76,16.0,14.92,8.41,1404.0,1341.76,744.17,1.0,2.6,4.41,0.0,1.88,2.51,2.0,2.32,1.75,0.0,0.04,0.2,1.2,2.5,4.17,1.5,1.99,2.22,34.0,40.56,43.48,62.0,68.16,58.15,25.0,67.48,75.24,0.06,0.18,0.25,0.0,0.1,0.14,0.07,0.16,0.22,0.07,0.12,0.13,0.0,0.1,0.37,0.0,5.46,18.9,0.0,2.27,7.92,0.0,0.0,0.0,30.8,28.78,21.66,0.33,0.47,0.53,0.07,0.12,0.2,16.3,15.61,6.51,676.0,767.72,566.63,87.7,86.55,6.86,10078.0,12456.0,9299.12,94.3,92.15,6.01,92.1,89.58,7.79,62.5,59.55,12.25,9.0,16.92,16.48,42.0,59.68,61.62,11.0,15.32,15.52,1.0,2.28,3.06,62.0,68.16,58.15,33.0,39.04,33.14,2.13,2.42,1.76,3.0,4.56,4.43,0.28,0.28,0.24,15.0,17.68,16.07,7.0,10.8,10.43,12.0,16.12,14.95,6.0,8.52,8.21,11.0,12.04,9.23,1.0,3.2,4.7,9.0,8.84,6.73,5.0,7.96,8.26,878.0,1000.36,670.04,35.0,76.12,134.09,197.0,234.16,233.0,331.0,430.92,377.44,324.0,343.48,270.09,22.0,47.12,50.6,21.0,28.64,39.31,45.7,48.34,25.53,37.1,37.64,22.71,563.0,643.48,446.04,1674.0,1994.16,1516.49,34.0,40.56,43.48,23.0,30.36,26.89,3.0,14.04,22.04,10.0,16.72,14.83,11.0,14.24,13.92,630.0,757.48,520.49,25.0,67.48,75.24,10.0,10.36,7.97,12.0,13.44,11.17,0.0,1.68,2.46,8.0,22.96,31.08,46.0,51.72,34.71,5.0,10.96,13.41,8.0,11.72,10.98,46.4,45.13,20.99
Manchester Utd,25.0,25.48,5.03,20.0,18.78,10.97,14.0,13.78,10.7,1335.0,1231.67,920.11,0.0,1.37,2.2,0.0,0.93,2.06,2.0,2.78,2.38,0.0,0.11,0.42,1.0,1.71,2.32,0.7,1.28,1.68,10.0,22.52,31.57,43.0,46.7,57.14,19.0,46.04,65.46,0.0,0.07,0.11,0.0,0.04,0.09,0.06,0.12,0.15,0.06,0.09,0.09,0.0,0.05,0.25,0.0,2.56,13.28,0.0,1.01,5.25,0.0,0.93,4.81,27.1,25.18,16.17,0.17,0.37,0.46,0.04,0.05,0.06,15.8,15.68,6.36,548.0,550.52,464.27,82.6,82.63,5.92,8304.0,9019.81,8213.12,90.4,89.71,4.67,85.5,84.52,9.19,55.4,58.81,17.64,7.0,13.11,17.41,24.0,37.0,40.63,5.0,10.7,15.05,1.0,2.33,2.96,43.0,46.7,57.14,17.0,30.44,36.2,1.99,2.36,1.46,1.0,2.22,3.83,0.04,0.12,0.2,19.0,27.04,28.05,9.0,16.26,17.15,17.0,23.52,24.57,5.0,10.59,12.24,8.0,12.41,11.03,2.0,3.56,4.94,8.0,8.85,8.56,7.0,12.56,12.84,778.0,810.44,660.53,21.0,82.44,192.25,150.0,282.85,323.58,303.0,343.44,307.11,125.0,191.7,220.9,18.0,31.26,37.57,6.0,20.89,25.51,46.59,46.56,27.06,49.2,47.36,25.4,424.0,494.22,398.99,793.0,1239.41,1105.41,10.0,22.52,31.57,11.0,15.78,18.27,1.0,7.56,15.6,10.0,16.63,17.92,5.0,11.96,13.89,514.0,544.81,436.21,19.0,46.04,65.46,11.0,13.56,11.34,7.0,12.19,11.4,1.0,2.3,3.26,6.0,20.78,36.32,41.0,56.7,51.41,10.0,15.74,16.18,13.0,16.11,18.33,48.98,51.67,24.44
Newcastle Utd,27.0,27.48,4.76,27.0,22.57,9.92,13.0,16.26,12.26,1413.0,1459.83,1021.14,0.0,2.74,5.01,1.0,2.09,2.84,2.0,2.57,3.03,0.0,0.04,0.21,0.5,2.55,4.27,0.9,1.85,2.24,14.0,29.09,32.39,56.0,61.17,60.9,22.0,60.74,69.36,0.0,0.16,0.26,0.04,0.11,0.13,0.11,0.14,0.16,0.08,0.1,0.09,0.0,0.11,0.36,0.0,6.14,20.34,0.0,3.44,11.83,0.0,2.17,10.43,23.7,20.93,17.72,0.28,0.37,0.42,0.0,0.08,0.11,14.6,14.26,5.71,459.0,599.43,511.83,81.8,79.65,6.95,6537.0,10098.48,9054.41,88.6,87.71,7.72,86.6,85.27,11.2,54.39,54.05,12.25,8.0,15.52,16.19,26.0,44.17,47.29,8.0,14.91,17.98,0.0,2.78,4.52,56.0,61.17,60.9,27.0,36.13,35.3,2.01,2.08,1.4,3.0,4.78,5.39,0.23,0.23,0.22,22.0,23.83,21.36,14.0,14.57,13.34,27.0,23.43,21.87,9.0,11.22,10.69,17.0,16.74,13.94,3.0,5.61,7.19,9.0,11.13,10.1,6.0,10.78,11.51,747.0,898.13,713.88,26.0,90.0,142.34,122.0,294.43,333.72,225.0,376.13,343.42,127.0,236.3,222.77,31.0,41.7,45.78,7.0,26.43,30.43,46.59,43.89,16.2,42.44,43.9,15.97,471.0,512.13,418.0,1475.0,1393.0,1117.07,14.0,29.09,32.39,13.0,17.83,16.86,4.0,10.43,15.58,11.0,18.61,17.34,7.0,17.65,20.14,538.0,595.09,490.91,22.0,60.74,69.36,9.0,15.39,16.52,11.0,17.61,23.46,2.0,3.04,4.3,9.0,26.74,38.63,46.0,65.0,57.44,7.0,18.48,27.52,12.0,17.78,19.16,50.0,49.68,23.86
Nott'ham Forest,26.0,26.62,3.61,29.0,23.81,9.96,19.0,17.05,12.46,1775.0,1534.24,1032.6,1.0,2.48,4.24,1.0,1.76,2.53,2.0,3.29,2.83,0.0,0.05,0.22,1.4,1.93,2.51,1.1,1.36,1.41,13.0,25.81,32.78,34.0,43.81,40.8,19.0,44.1,54.85,0.07,0.13,0.17,0.06,0.09,0.12,0.08,0.12,0.14,0.06,0.08,0.08,0.0,0.06,0.26,0.0,3.56,16.3,0.0,1.88,8.6,0.0,0.0,0.0,33.3,36.13,26.93,0.32,0.45,0.44,0.06,0.08,0.08,18.3,17.63,7.07,426.0,425.52,320.31,75.2,73.37,8.59,6133.0,7283.86,5976.05,88.1,85.9,7.82,80.9,76.99,12.01,47.0,45.5,15.38,11.0,13.76,14.57,26.0,37.29,35.39,8.0,9.48,10.1,1.0,2.38,3.2,34.0,43.81,40.8,29.0,32.52,31.06,1.68,1.91,1.37,2.0,3.86,4.96,0.15,0.21,0.23,21.0,28.9,24.92,13.0,17.62,15.5,20.0,27.38,25.53,7.0,13.33,13.16,11.0,18.05,17.73,4.0,6.62,9.97,8.0,11.43,10.26,12.0,13.05,10.74,900.0,760.19,527.45,32.0,103.33,171.17,166.0,264.33,275.9,259.0,300.95,248.88,158.0,204.57,195.53,21.0,31.71,29.68,11.0,25.24,27.07,46.59,49.23,23.0,42.44,39.6,20.68,378.0,346.57,254.65,850.0,1073.52,959.63,13.0,25.81,32.78,10.0,16.33,17.46,2.0,7.71,12.0,18.0,23.29,22.56,9.0,13.0,12.47,472.0,423.62,310.1,19.0,44.1,54.85,12.0,16.24,13.2,10.0,17.14,16.13,1.0,3.71,5.86,4.0,22.71,35.59,50.0,63.9,50.94,14.0,23.38,24.99,19.0,22.71,25.18,43.9,50.93,21.02
Southampton,26.0,26.48,4.19,20.0,18.14,10.06,13.0,12.86,9.51,1122.0,1151.34,828.59,0.0,0.83,1.07,0.0,0.52,0.83,2.0,2.76,2.86,0.0,0.1,0.41,0.5,1.04,1.36,0.5,0.79,0.9,10.0,20.24,26.48,23.0,35.55,38.56,20.0,34.52,37.55,0.0,0.05,0.08,0.0,0.04,0.1,0.04,0.08,0.09,0.03,0.05,0.06,0.0,0.25,0.75,0.0,6.99,20.96,0.0,0.27,1.43,0.0,0.99,5.31,27.1,23.3,22.32,0.15,0.22,0.28,0.04,0.06,0.09,17.3,15.48,7.74,242.0,485.48,464.82,80.2,80.92,8.0,3918.0,8224.21,8264.99,90.9,89.68,6.85,89.5,85.48,10.92,54.9,53.37,16.74,5.0,8.59,8.94,13.0,31.48,38.75,5.0,6.76,7.56,1.0,1.79,2.55,23.0,35.55,38.56,15.0,19.59,19.43,1.43,1.42,0.84,1.0,1.38,1.88,0.06,0.11,0.14,13.0,20.0,18.89,7.0,11.52,10.81,13.0,17.9,14.01,10.0,9.21,6.89,7.0,12.97,14.54,2.0,5.69,8.87,5.0,7.28,7.85,5.0,9.45,12.07,457.0,707.0,616.17,42.0,91.83,166.03,161.0,259.0,312.24,186.0,303.83,297.66,122.0,150.34,145.86,15.0,21.24,20.11,5.0,22.38,31.79,45.0,47.98,26.33,42.44,42.41,26.54,253.0,394.24,349.59,599.0,1070.9,1087.36,10.0,20.24,26.48,9.0,14.93,18.27,1.0,5.07,7.5,9.0,14.55,14.66,5.0,10.97,13.66,338.0,480.28,421.52,20.0,34.52,37.55,12.0,14.34,12.99,8.0,13.28,15.16,0.0,1.48,2.6,6.0,17.1,25.96,23.0,45.03,42.99,8.0,14.17,20.39,8.0,12.38,13.3,54.5,54.17,22.75
Tottenham,25.0,25.22,4.53,21.0,18.89,9.28,15.0,13.81,8.12,1252.0,1241.11,696.54,0.0,2.19,3.27,1.0,1.67,2.4,2.0,2.37,2.34,0.0,0.04,0.19,0.7,2.07,2.91,0.9,1.55,2.02,16.0,28.96,28.86,49.0,56.22,47.12,31.0,55.85,69.12,0.0,0.14,0.21,0.05,0.12,0.16,0.07,0.14,0.18,0.08,0.11,0.11,0.0,0.2,0.58,0.0,7.06,20.42,0.0,2.13,6.32,0.0,0.0,0.0,33.3,29.31,21.25,0.3,0.41,0.42,0.0,0.07,0.08,16.7,14.55,7.11,693.0,570.56,370.16,84.8,80.94,8.25,10536.0,9466.22,6381.72,91.3,89.57,6.66,89.8,84.74,10.92,54.4,55.25,15.1,7.0,13.37,17.59,37.0,44.59,39.44,8.0,13.19,16.65,1.0,3.0,5.08,49.0,56.22,47.12,15.0,30.89,36.42,1.63,1.99,1.54,2.0,3.78,4.63,0.22,0.25,0.26,13.0,22.33,20.61,9.0,14.19,14.0,14.0,20.19,17.78,9.0,10.0,8.54,15.0,14.56,11.99,4.0,5.07,5.15,9.0,9.48,8.95,10.0,10.48,10.69,885.0,828.33,513.71,55.0,83.74,114.26,228.0,266.81,223.91,393.0,350.44,257.79,152.0,219.22,227.11,24.0,35.52,42.23,19.0,27.67,29.09,43.2,43.9,24.33,48.8,43.37,23.76,564.0,519.04,309.79,1496.0,1439.41,858.13,16.0,28.96,28.86,18.0,19.48,16.96,4.0,8.67,11.91,15.0,17.89,17.83,10.0,14.3,16.18,629.0,566.04,339.0,31.0,55.85,69.12,10.0,14.52,12.82,10.0,16.33,15.12,1.0,2.04,3.2,12.0,26.44,42.57,57.0,56.22,40.61,9.0,13.7,13.55,11.0,14.22,13.78,50.0,50.11,23.22
West Ham,28.0,28.16,5.1,20.0,20.92,8.28,14.0,14.96,10.52,1070.0,1341.92,885.12,0.0,1.44,2.47,1.0,0.92,1.47,2.0,2.88,2.59,0.0,0.12,0.33,1.2,1.74,2.17,1.1,1.23,1.38,11.0,22.36,29.38,31.0,43.68,40.19,21.0,43.36,55.69,0.0,0.09,0.13,0.03,0.08,0.14,0.07,0.14,0.16,0.08,0.1,0.1,0.0,0.14,0.47,0.0,5.51,19.14,0.0,1.4,4.84,0.0,0.0,0.0,27.8,22.42,15.1,0.23,0.39,0.41,0.0,0.04,0.06,15.6,16.3,7.28,510.0,519.0,398.0,79.9,78.62,7.81,8497.0,9131.32,7192.99,89.8,88.7,7.05,85.7,83.22,10.74,54.9,52.56,19.15,9.0,11.96,12.12,37.0,38.52,32.99,4.0,9.76,12.17,1.0,2.56,3.47,31.0,43.68,40.19,18.0,29.48,29.8,2.37,2.21,1.48,1.0,2.2,3.07,0.1,0.13,0.17,17.0,22.52,19.93,11.0,13.28,11.76,21.0,18.88,14.75,7.0,9.04,7.45,14.0,16.36,13.28,4.0,6.28,8.23,9.0,10.08,7.86,8.0,12.0,14.55,656.0,806.28,580.77,33.0,105.92,173.08,196.0,297.08,306.83,366.0,343.48,279.11,116.0,173.56,179.17,22.0,30.12,38.02,11.0,28.12,44.02,46.59,51.47,22.26,42.44,37.59,22.7,318.0,411.56,309.89,714.0,1060.64,918.69,11.0,22.36,29.38,10.0,14.4,16.36,2.0,6.36,12.98,11.0,17.6,19.02,6.0,14.36,21.96,455.0,515.2,380.52,21.0,43.36,55.69,14.0,15.56,13.62,11.0,14.56,16.8,1.0,2.68,4.11,11.0,21.64,26.62,43.0,55.52,46.69,10.0,20.92,26.32,12.0,19.84,18.47,50.0,51.28,16.38
Wolves,26.0,27.09,4.01,25.0,22.09,8.68,15.0,16.17,10.55,1364.0,1452.17,848.66,1.0,2.17,3.94,1.0,1.7,2.22,2.0,3.22,2.75,0.0,0.09,0.29,0.8,1.75,2.48,0.9,1.4,1.78,12.0,23.13,27.19,30.0,45.0,40.33,28.0,44.35,47.08,0.07,0.12,0.17,0.04,0.1,0.13,0.08,0.11,0.12,0.07,0.08,0.08,0.0,0.18,0.6,0.0,5.38,17.83,0.0,1.17,5.61,0.0,1.45,6.94,27.8,28.2,18.49,0.23,0.36,0.41,0.06,0.09,0.12,17.4,16.54,7.56,484.0,548.7,399.83,80.4,77.83,8.76,9479.0,9376.22,6297.29,90.4,88.33,6.89,86.4,84.72,9.49,56.7,52.61,15.68,10.0,12.3,12.44,24.0,38.57,32.72,4.0,10.65,12.65,1.0,2.7,3.46,30.0,45.0,40.33,21.0,29.17,27.53,1.78,1.82,1.09,3.0,3.91,4.14,0.18,0.26,0.25,19.0,30.87,27.01,12.0,18.13,16.8,18.0,25.91,22.58,7.0,11.83,12.98,15.0,17.48,12.35,4.0,5.78,6.02,9.0,11.7,10.16,9.0,11.83,9.64,724.0,852.09,555.89,55.0,99.7,144.52,304.0,299.61,245.34,328.0,384.39,308.1,123.0,178.52,182.8,23.0,27.74,31.09,14.0,27.48,33.76,46.59,44.3,21.64,41.9,42.67,21.98,390.0,466.74,297.89,1038.0,1298.22,894.12,12.0,23.13,27.19,13.0,17.7,21.73,3.0,5.57,8.41,16.0,22.3,22.25,11.0,14.09,14.89,482.0,544.43,360.97,28.0,44.35,47.08,14.0,19.3,17.11,10.0,16.61,16.75,1.0,2.48,3.3,10.0,21.09,29.87,43.0,64.17,49.34,10.0,17.48,17.43,15.0,18.87,19.68,40.7,46.5,24.19
